case_id,bank_reference,settlement_id,bank_amount,currency,bank_status,bank_posted_at
FF-0001,BANK-0001,SET-0001,15000,INR,CREDITED,2026-01-01T17:00:00
FF-0002,BANK-0002,SET-0002,75000,INR,CREDITED,2026-01-01T19:00:00
FF-0003,BANK-0003,SET-0003,45000,INR,CREDITED,2026-01-01T21:00:00
FF-0004,BANK-0004,SET-0004,15000,INR,CREDITED,2026-01-01T23:00:00
FF-0005,BANK-0005,SET-0005,25000,INR,CREDITED,2026-01-02T01:00:00
FF-0006,BANK-0006,SET-0006,50000,INR,CREDITED,2026-01-02T03:00:00
FF-0007,BANK-0007,SET-0007,75000,INR,CREDITED,2026-01-02T05:00:00
FF-0008,BANK-0008,SET-0008,75000,INR,CREDITED,2026-01-02T07:00:00
FF-0009,BANK-0009,SET-0009,50000,INR,CREDITED,2026-01-02T09:00:00
FF-0010,BANK-0010,SET-0010,100000,INR,CREDITED,2026-01-02T11:00:00
FF-0011,BANK-0011,SET-0011,50000,INR,CREDITED,2026-01-02T13:00:00
FF-0012,BANK-0012,SET-0012,25000,INR,CREDITED,2026-01-02T15:00:00
FF-0013,BANK-0013,SET-0013,100000,INR,CREDITED,2026-01-02T17:00:00
FF-0014,BANK-0014,SET-0014,45000,INR,CREDITED,2026-01-02T19:00:00
FF-0015,BANK-0015,SET-0015,50000,INR,CREDITED,2026-01-02T21:00:00
FF-0016,BANK-0016,SET-0016,45000,INR,CREDITED,2026-01-02T23:00:00
FF-0017,BANK-0017,SET-0017,15000,INR,CREDITED,2026-01-03T01:00:00
FF-0018,BANK-0018,SET-0018,125000,INR,CREDITED,2026-01-03T03:00:00
FF-0019,BANK-0019,SET-0019,100000,INR,CREDITED,2026-01-03T05:00:00
FF-0020,BANK-0020,SET-0020,30000,INR,CREDITED,2026-01-03T07:00:00
FF-0021,BANK-0021,SET-0021,25000,INR,CREDITED,2026-01-03T09:00:00
FF-0022,BANK-0022,SET-0022,75000,INR,CREDITED,2026-01-03T11:00:00
FF-0023,BANK-0023,SET-0023,15000,INR,CREDITED,2026-01-03T13:00:00
FF-0024,BANK-0024,SET-0024,45000,INR,CREDITED,2026-01-03T15:00:00
FF-0025,BANK-0025,SET-0025,75000,INR,CREDITED,2026-01-03T17:00:00
FF-0026,BANK-0026,SET-0026,100000,INR,CREDITED,2026-01-03T19:00:00
FF-0027,BANK-0027,SET-0027,30000,INR,CREDITED,2026-01-03T21:00:00
FF-0028,BANK-0028,SET-0028,45000,INR,CREDITED,2026-01-03T23:00:00
FF-0029,BANK-0029,SET-0029,50000,INR,CREDITED,2026-01-04T01:00:00
FF-0030,BANK-0030,SET-0030,75000,INR,CREDITED,2026-01-04T03:00:00
FF-0031,BANK-0031,SET-0031,125000,INR,CREDITED,2026-01-04T05:00:00
FF-0032,BANK-0032,SET-0032,30000,INR,CREDITED,2026-01-04T07:00:00
FF-0033,BANK-0033,SET-0033,45000,INR,CREDITED,2026-01-04T09:00:00
FF-0034,BANK-0034,SET-0034,125000,INR,CREDITED,2026-01-04T11:00:00
FF-0035,BANK-0035,SET-0035,15000,INR,CREDITED,2026-01-04T13:00:00
FF-0036,BANK-0036,SET-0036,100000,INR,CREDITED,2026-01-04T15:00:00
FF-0037,BANK-0037,SET-0037,45000,INR,CREDITED,2026-01-04T17:00:00
FF-0038,BANK-0038,SET-0038,75000,INR,CREDITED,2026-01-04T19:00:00
FF-0039,BANK-0039,SET-0039,30000,INR,CREDITED,2026-01-04T21:00:00
FF-0040,BANK-0040,SET-0040,50000,INR,CREDITED,2026-01-04T23:00:00
FF-0041,BANK-0041,SET-0041,125000,INR,CREDITED,2026-01-05T01:00:00
FF-0042,BANK-0042,SET-0042,25000,INR,CREDITED,2026-01-05T03:00:00
FF-0043,BANK-0043,SET-0043,75000,INR,CREDITED,2026-01-05T05:00:00
FF-0044,BANK-0044,SET-0044,15000,INR,CREDITED,2026-01-05T07:00:00
FF-0045,BANK-0045,SET-0045,100000,INR,CREDITED,2026-01-05T09:00:00
FF-0046,BANK-0046,SET-0046,45000,INR,CREDITED,2026-01-05T11:00:00
FF-0047,BANK-0047,SET-0047,100000,INR,CREDITED,2026-01-05T13:00:00
FF-0048,BANK-0048,SET-0048,125000,INR,CREDITED,2026-01-05T15:00:00
FF-0049,BANK-0049,SET-0049,25000,INR,CREDITED,2026-01-05T17:00:00
FF-0050,BANK-0050,SET-0050,75000,INR,CREDITED,2026-01-05T19:00:00
FF-0051,BANK-0051,SET-0051,99000,INR,CREDITED,2026-01-05T21:00:00
FF-0052,BANK-0052,SET-0052,99000,INR,CREDITED,2026-01-05T23:00:00
FF-0053,BANK-0053,SET-0053,99000,INR,CREDITED,2026-01-06T01:00:00
FF-0054,BANK-0054,SET-0054,99000,INR,CREDITED,2026-01-06T03:00:00
FF-0055,BANK-0055,SET-0055,44000,INR,CREDITED,2026-01-06T05:00:00
FF-0056,BANK-0056,SET-0056,30000,INR,CREDITED,2026-01-06T07:00:00
FF-0057,BANK-0057,SET-0057,50000,INR,CREDITED,2026-01-06T09:00:00
FF-0058,BANK-0058,SET-0058,50000,INR,CREDITED,2026-01-06T11:00:00
FF-0059,BANK-0059,SET-0059,15000,INR,CREDITED,2026-01-06T13:00:00
FF-0060,BANK-0060,SET-0060,25000,INR,CREDITED,2026-01-06T15:00:00
FF-0061,BANK-0061,SET-0061,45000,INR,CREDITED,2026-01-06T17:00:00
FF-0062,BANK-0062,SET-0062,75000,INR,CREDITED,2026-01-06T19:00:00
FF-0066,BANK-0066,SET-0066,50000,INR,CREDITED,2026-01-07T03:00:00
FF-0067,BANK-0067,SET-0067,15000,INR,CREDITED,2026-01-07T05:00:00
FF-0068,BANK-DUPLICATE-001,SET-0068,100000,INR,CREDITED,2026-01-07T07:00:00
FF-0069,BANK-DUPLICATE-001,SET-0069,50000,INR,CREDITED,2026-01-07T09:00:00
FF-0070,BANK-DUPLICATE-001,SET-0070,30000,INR,CREDITED,2026-01-07T11:00:00
